"korok_location";"korok_type";"korok_coord"
"Unknown Location";"Yellow Flowers";"-2897, 0558, 0208"
"Unknown Location";"Yellow Flowers";"-0523, 0188, 0062 to -0431, 0247, 0037"
"Unknown Location";"Lift the Rock";"-3131, -0113, 0209"
"Unknown Location";"Shoot the Acorn";"-1921, -0361, 0228"
"Akkala Korok Seed 1";"Lift the Rock";"3273, 1398, 0285."
"Akkala Korok Seed 2";"Block Puzzle";"3357, 1306, 0289."
"Akkala Korok Seed 3";"Yellow Flowers";"3669, 1468, 0096."
"Akkala Korok Seed 4";"Lift the Rock";"4021, 1623, 0137."
"Akkala Korok Seed 5";"Misc.";"3972, 1612, 0127."
"Akkala Korok Seed 6";"Block Puzzle";"4137, 1491, 0166."
"Akkala Korok Seed 7";"Catch the Fairy Lights";"4109, 1384, 0166."
"Akkala Korok Seed 8";"Misc.";"4048, 1284, 0216."
"Akkala Korok Seed 9";"Reunite Friends";"742, 1983, 0000."
"Akkala Korok Seed 10";"Lift the Rock";"4599, 1858, 0009."
"Akkala Korok Seed 11";"Lift the Rock";"3232, 1787, 0226."
"Akkala Korok Seed 12";"Reunite Friends";"3222, 2167, 0128."
"Akkala Korok Seed 13";"Misc.";"3327, 2168, 0135."
"Akkala Korok Seed 14";"Lift the Rock";"4527, 2047, 0000."
"Akkala Korok Seed 15";"Reunite Friends";"4278, 2337, 0020."
"Akkala Korok Seed 16";"Lift the Rock";"4074, 2451, 0073."
"Akkala Korok Seed 17";"Sparkle Cloud";"4312, 2519, 0080."
"Akkala Korok Seed 18";"Reunite Friends";"4626, 2859, 0002."
"Akkala Korok Seed 19";"Lift the Rock";"4277, 2942, 0143."
"Akkala Korok Seed 20";"Lift the Rock";"4271, 2828, 0148."
"Akkala Korok Seed 21";"Reunite Friends";"3855, 2685, 0049."
"Akkala Korok Seed 22";"Catch the Fairy Lights";"3767, 2696, 0018."
"Akkala Korok Seed 23";"Block Puzzle";"3542, 2636, 0077."
"Akkala Korok Seed 24";"Lift the Rock";"3546, 3025, 0080."
"Akkala Korok Seed 25";"Misc.";"3344, 3074, 0058."
"Akkala Korok Seed 26";"Block Puzzle";"3146, 3093, 0141."
"Akkala Korok Seed 27";"Lift the Rock";"3268, 3397, 0034"
"Akkala Korok Seed 28";"Yellow Flowers";"4435, 3185, 0249."
"Akkala Korok Seed 29";"Sparkle Cloud";"4540, 3162, 0270."
"Akkala Korok Seed 30";"Misc.";"4493, 3151, 0245."
"Akkala Korok Seed 31";"Lift the Rock";"4155, 3167, 0250."
"Akkala Korok Seed 32";"Misc.";"4120, 3285, 0198."
"Akkala Korok Seed 33";"Reunite Friends";"3448, 3175, 0054."
"Akkala Korok Seed 34";"Lift the Rock";"3768, 3376, 0171."
"Akkala Korok Seed 35";"Pinwheel Archery";"3455, 3581, 0208."
"Akkala Korok Seed 36";"Reunite Friends";"2969, 3648, 0224."
"Akkala Korok Seed 37";"Pinwheel Archery";"3075, 3682, 0214."
"Akkala Korok Seed 38";"Misc.";"3183, 3456, 0088."
"Akkala Korok Seed 39";"Pinwheel Archery";"4794, 3755, 0140."
"Akkala Korok Seed 40";"Lift the Rock";"3647, 1796, 0111."
"Great Sky Island Korok Seed 1";"Sparkle Cloud";"0346, -1755, 2280"
"Great Sky Island Korok Seed 2";"Sparkle Cloud";"0519, -1321, 1418"
"Great Sky Island Korok Seed 3";"Sparkle Cloud";"0251, -0823, 1443"
"Great Sky Island Korok Seed 4";"Sparkle Cloud";"0113, -1078, 1416"
"Great Sky Island Korok Seed 5+6";"Reunite Friends";"0020, -1261, 1418"
"Great Sky Island Korok Seed 7";"Lift the Rock";"0022, -1558, 1451"
"Great Sky Island Korok Seed 8";"Block Puzzle";"0259, -1679, 1386"
"Great Sky Island Korok Seed 9";"Lift the Rock";"0455, -1543, 1358"
"Great Sky Island Korok Seed 10+11";"Reunite Friends";"0444, -1784, 1445"
"Great Sky Island Korok Seed 12";"Block Puzzle";"0548, -1584, 1482"
"Great Sky Island Korok Seed 13";"Lift the Rock";"0620, -1653, 1502"
"Great Sky Island Korok Seed 14";"Block Puzzle";"0622, -1524, 1443"
"Great Sky Island Korok Seed 15";"Lift the Rock";"0761, -1341, 1603"
"Great Sky Island Korok Seed 16";"Sparkle Cloud";"0376, -1731, 2352"
"Great Sky Island Korok Seed 17";"Sparkle Cloud";"0309, -1439, 2021"
"Great Sky Island Korok Seed 18";"Ascend through the Stump";"0463, -0881, 1446"
"Great Sky Island Korok Seed 19";"Sparkle Cloud";"0421, -1497, 1498"
"Tabantha Tundra Korok Seed 1";"Lift the Rock";"-2357, 3675, 0274"
"Tabantha Tundra Korok Seed 2";"Lift the Rock";"-1972, 3795, 0313"
"Tabantha Tundra Korok Seed 3";"Sparkle Cloud";"-1670, 3757, 0239"
"Tabantha Tundra Korok Seed 4";"Reunite Friends";"-1383, 3628, 0256"
"Tabantha Tundra Korok Seed 5";"Sparkle Cloud";"-0874, 3313, 0223"
"Tabantha Tundra Korok Seed 6";"Sparkle Cloud";"-0997, 3084, 0237"
"Tabantha Tundra Korok Seed 7";"Block Puzzle";"-1146, 3086, 0344"
"Tabantha Tundra Korok Seed 8";"Lift the Rock";"-1095, 3403, 0305"
"Tabantha Tundra Korok Seed 9";"Sparkle Cloud";"-1717, 2555, 0253"
"Tabantha Tundra Korok Seed 10";"Reunite Friends";"-1540, 2554, 0238"
"Tabantha Tundra Korok Seed 11";"Sparkle Cloud";"-1649, 2439, 0237"
"Tabantha Tundra Korok Seed 12";"Block Puzzle";"-2338, 2956, 0403"
"Tabantha Tundra Korok Seed 13";"Sparkle Cloud";"-0685, 3535, 0284"
"Tabantha Tundra Korok Seed 14";"Lift the Rock";"-1762, 3554, 0234"
"Tabantha Tundra Korok Seed 15";"Sparkle Cloud";"-1971, 3115, 0352"
"Tabantha Tundra Korok Seed 16";"Lift the Rock";"-2078, 2589, 0301"
"Tabantha Tundra Korok Seed 17";"Block Puzzle";"-2267, 2283, 0323"
"Tabantha Tundra Korok Seed 18";"Sparkle Cloud";"-2382, 2133, 0393"
"Tabantha Tundra Korok Seed 19";"Block Puzzle";"-2207, 2091, 0323"
"Tabantha Tundra Korok Seed 20";"Sparkle Cloud";"-2074, 2077, 0285"
"Tabantha Tundra Korok Seed 21";"Lift the Rock";"-1811, 2198, 0273"
"Tabantha Tundra Korok Seed 22";"Sparkle Cloud";"-2297, 1908, 0296"
"Tabantha Tundra Korok Seed 23";"Sparkle Cloud";"-2531, 1855, 0300"
"Tabantha Tundra Korok Seed 24";"Sparkle Cloud";"-2737, 2267, 0353"
"Tabantha Tundra Korok Seed 25";"Reunite Friends";"-2837, 2318, 0391"
"Tabantha Tundra Korok Seed 26";"Block Puzzle";"-2635, 2057, 0338"
"Tabantha Tundra Korok Seed 27";"Sparkle Cloud";"-1667, 3282, 0978"
"Tabantha Tundra Korok Seed 28";"Sparkle Cloud";"-1683, 3569, 0986"
"Tabantha Tundra Korok Seed 29";"Lift the Rock";"-1186, 2481, -0100"
"Tabantha Tundra Korok Seed 30";"Lift the Rock";"-1147, 2534, -0033"
"Tabantha Tundra Korok Seed 31";"Block Puzzle";"-1051, 2617, 0031"
"Tabantha Tundra Korok Seed 32";"Sparkle Cloud";"-1581, 2132, -0038"
"Central Hyrule - North Hyrule Field Seed 1";"Reunite Friends";"-0780, -0501, 0017"
"Central Hyrule - North Hyrule Field Seed 2";"Sparkle Cloud";"-0947, 0682, 0055"
"Central Hyrule - North Hyrule Field Seed 3";"Reunite Friends";"-0777, 0938, 0017"
"Central Hyrule - North Hyrule Field Seed 4";"";""
"Central Hyrule - North Hyrule Field Seed 5";"Lift the Rock";"-0254, 0424, 0028"
"Central Hyrule - North Hyrule Field Seed 6";"Reunite Friends";"-0434, 0481, 0028"
"Central Hyrule - North Hyrule Field Seed 7";"Reunite Friends";"-0958, 0204, 0031"
"Central Hyrule - North Hyrule Field Seed 8";"";""
"Central Hyrule - North Hyrule Field Seed 9";"";""
"Central Hyrule - North Hyrule Field Seed 10";"";""
"Central Hyrule - North Hyrule Field Seed 11";"";""
"Central Hyrule - North Hyrule Field Seed 12";"";""
"Central Hyrule - North Hyrule Field Seed 13";"";""
"Central Hyrule - North Hyrule Field Seed 14";"";""
"Central Hyrule - North Hyrule Field Seed 15";"";""
"Central Hyrule - North Hyrule Field Seed 16";"";""
"Central Hyrule - North Hyrule Field Seed 17";"";""
"Central Hyrule - North Hyrule Field Seed 18";"";""
"Central Hyrule - North Hyrule Field Seed 19";"";""
"Central Hyrule - North Hyrule Field Seed 20";"";""
"Central Hyrule - North Hyrule Field Seed 21";"";""
"Central Hyrule - North Hyrule Field Seed 22";"";""
"Central Hyrule - North Hyrule Field Seed 23";"";""
"Central Hyrule - North Hyrule Field Seed 24";"Yellow Flower";""
"Central Hyrule - North Hyrule Field Seed 25";"";""
"Central Hyrule - North Hyrule Field Seed 26";"";""
"Central Hyrule - North Hyrule Field Seed 27";"";""
"Central Hyrule - North Hyrule Field Seed 28";"";""
"Central Hyrule - North Hyrule Field Seed 29";"";""
"Central Hyrule - North Hyrule Field Seed 30";"";""
"Central Hyrule - North Hyrule Field Seed 31";"";""
"Central Hyrule - North Hyrule Field Seed 32";"";""
"Central Hyrule - North Hyrule Field Seed 33";"";""
"Central Hyrule - North Hyrule Field Seed 34";"";""
"Central Hyrule - North Hyrule Field Seed 35";"";""
"Central Hyrule - North Hyrule Field Seed 36";"";""
"Central Hyrule - North Hyrule Field Seed 37";"";""
"Central Hyrule - North Hyrule Field Seed 38";"Pop the Cork";"-1398, 0080, 0023"
"Faron Korok Seed 1";"Sparkle Cloud";"0353, -2000, 0008"
"Faron Korok Seed 2";"Sparkle Cloud";"0166, -1942, 0045"
"Faron Korok Seed 3";"Lift the Rock";"0295, -1833, 0017"
"Faron Korok Seed 4";"Sparkle Cloud";"0310, -1768, 0050"
"Faron Korok Seed 5";"Sparkle Cloud";"0514, -1791, 0061"
"Faron Korok Seed 6";"Sparkle Cloud";"0351, -2158, 0063"
"Faron Korok Seed 7";"";""
"Faron Korok Seed 8";"Lift the Rock";"0343, -2382, 0023"
"Faron Korok Seed 9";"Sparkle Cloud";"0635, -2316, 0056"
"Faron Korok Seed 10";"Sparkle Cloud";"0044, -2137, -0017"
"Faron Korok Seed 11";"Reunite Friends";"0066, -3762, 0005 ~~~> 0397, -3862, 0000"
"Faron Korok Seed 12";"Sparkle Cloud";"-0066, -2434, 0011"
"Faron Korok Seed 13";"Sparkle Cloud";"0204, -2640, -0010"
"Faron Korok Seed 14";"Sparkle Cloud";"-0009, -2587, 0005"
"Faron Korok Seed 15";"Rock Stand";"0116, -2961, 0034"
"Faron Korok Seed 16";"Yellow Flower";"-0037, -2963, 0111"
"Faron Korok Seed 17";"Lift the Rock";"0419, -2883, 0023"
"Faron Korok Seed 18";"Lift the Rock";"0341, -2832, -0014"
"Faron Korok Seed 19";"Rock Stand";"0244, -2873, 0029"
"Faron Korok Seed 20";"Lift the Rock";"-0152, -3067, 0037"
"Faron Korok Seed 21";"Lift the Rock";"-0224, -3341, 0071"
"Faron Korok Seed 22";"Sparkle Cloud";"-0419, -3374, 0032"
"Faron Korok Seed 23";"Sparkle Cloud";"-0799, -3256, 0089"
"Faron Korok Seed 24";"Lift the Rock";"-0243, -3917, 0004"
"Faron Korok Seed 25";"Sparkle Cloud";"-0105, -3437, -0001"
"Faron Korok Seed 26";"Lift the Rock";"0205, -3311, 0060"
"Faron Korok Seed 27";"Lift the Rock";"0383, -3609, 0071"
"Faron Korok Seed 28";"Reunite Friends";"0518, -3483, 0048"
"Faron Korok Seed 29";"Sparkle Cloud";"0788, -3340, 0081"
"Faron Korok Seed 30";"Sparkle Cloud";"0953, -3476, 0021"
"Faron Korok Seed 31";"Sparkle Cloud";"0814, -3718, 0107"
"Faron Korok Seed 32";"Sparkle Cloud";"0592, -3727, 0059"
"Faron Korok Seed 33";"Lift the Rock";"0526, -3667, 0062"
"Faron Korok Seed 34";"Pop the Cork";"0100, -3839, 0031"
"Faron Korok Seed 35";"Shoot the Acorn";"0271, -3906, -0001"
"Faron Korok Seed 36";"Sparkle Cloud";"0574, -3851, 0030"
"Faron Korok Seed 37";"Lift the Rock";"1097, -3832, 0002"
"Faron Korok Seed 38";"Sparkle Cloud";"1373, -3506, 0169"
"Faron Korok Seed 39";"Lift the Rock";"1450, -3531, 0117"
"Faron Korok Seed 40";"Lift the Rock";"1641, -3674, 0173"
"Faron Korok Seed 41";"Lift the Rock";"1609, -3802, 0091"
"Faron Korok Seed 42";"Lift the Rock";"1737, -3465, 0060"
"Faron Korok Seed 43";"Sparkle Cloud";"1792, -3579, 0027"
"Faron Korok Seed 44";"Sparkle Cloud";"1539, -3243, 0094"
"Faron Korok Seed 45";"Sparkle Cloud";"1332, -3278, 0088"
"Faron Korok Seed 46";"Sparkle Cloud";"1580, -3032, 0222"
"Faron Korok Seed 47";"Lift the Rock";"1778, 2937, 0243"
"Faron Korok Seed 48";"Sparkle Cloud";"1933, -2774, 0386"
"Faron Korok Seed 49";"Sparkle Cloud";"1799, -3179, 0082"
"Faron Korok Seed 50";"Sparkle Cloud";"1690, -3323, 0059"
"Hyrule Ridge Korok Seed 1";"";"-2089, 0479, 0103"
"Hyrule Ridge Korok Seed 2";"Lift the Rock";"-1289, 0896, 0099"
"Hyrule Ridge Korok Seed 3";"Block Puzzle";"-1162, 0665, 0061"
"Hyrule Ridge Korok Seed 4";"Sparkle Cloud";"-2686, 1665, 0258"
"Hyrule Ridge Korok Seed 5";"Block Puzzle";"-2817, 1597, -0019"
"Hyrule Ridge Korok Seed 6";"Lift the Rock";"-3140, 1554, 0123"
"Hyrule Ridge Korok Seed 7";"Lift the Rock";"-3283, 1340, 0188"
"Hyrule Ridge Korok Seed 8";"Lift the Rock";"-3441, 1312, 0120"
"Hyrule Ridge Korok Seed 9";"Sparkle Cloud";"-3597, 1535, 0142"
"Hyrule Ridge Korok Seed 10";"Sparkle Cloud";"-3845, 1326, 0270"
"Hyrule Ridge Korok Seed 11";"Sparkle Cloud";"-3102, 1316, 0217"
"Hyrule Ridge Korok Seed 12";"Lift the Rock";"-3147, 1106, 0156"
"Hyrule Ridge Korok Seed 13";"";"-3557, 0769, 0187"
"Hyrule Ridge Korok Seed 14";"Sparkle Cloud";"-3540, 0756, 0186"
"Hyrule Ridge Korok Seed 15";"Sparkle Cloud";"-3715, 1039, 0248"
"Hyrule Ridge Korok Seed 16";"Sparkle Cloud";"-3981, 0930, 0111"
"Hyrule Ridge Korok Seed 17";"Block Puzzle";"-3819, 0831, 0124"
"Hyrule Ridge Korok Seed 18";"Sparkle Cloud";"-4057, 0773, 0102"
"Hyrule Ridge Korok Seed 19";"Sparkle Cloud";"-3976, 0729, 0124"
"Hyrule Ridge Korok Seed 20";"Sparkle Cloud";"-3444, 0661, 0250"
"Hyrule Ridge Korok Seed 21";"Sparkle Cloud";"-3434, 0708, 0215"
"Great Hyrule Forest Korok Seed 1";"Lift the Rock";"-0577, 2604, 0385"
"Great Hyrule Forest Korok Seed 2";"Sparkle Cloud";"-0334, 1746, 0193"
"Great Hyrule Forest Korok Seed 3";"Sparkle Cloud";"0776, 2954, 0281"
"Great Hyrule Forest Korok Seed 4+5";"Reunite Friends";"1026, 3672, 0110"
"Great Hyrule Forest Korok Seed 6";"Sparkle Cloud";"0169, 3036, 0176"
"Great Hyrule Forest Korok Seed 7+8";"Reunite Friends";"-0488, 3056, 0175"
"Great Hyrule Forest Korok Seed 9";"Lift the Rock";"0126, 3150, 0181"
"Great Hyrule Forest Korok Seed 10";"Sparkle Cloud";"0058, 3111, 0189"
"Great Hyrule Forest Korok Seed 11+12";"Reunite Friends";"-0325, 3158, 0099"
"Great Hyrule Forest Korok Seed 13+14";"Reunite Friends";"0523, 3397, 0184"
"Great Hyrule Forest Korok Seed 15";"Sparkle Cloud";"0859, 3354, 0209"
"Great Hyrule Forest Korok Seed 16";"Sparkle Cloud";"0665, 1374, 0042"
"Great Hyrule Forest Korok Seed 17";"Sparkle Cloud";"-0041, 1678, 0142"
"Great Hyrule Forest Korok Seed 18";"";""
"Great Hyrule Forest Korok Seed 19";"Sparkle Cloud";"0412, 1178, 0010"
"Great Hyrule Forest Korok Seed 20";"Sparkle Cloud";"-0668, 1969, 0133"
"Great Hyrule Forest Korok Seed 21+22";"Sparkle Cloud";"-0544, 2225, 0268"
"Great Hyrule Forest Korok Seed 23";"Sparkle Cloud";"0271, 3114, 0179"
"Great Hyrule Forest Korok Seed 24";"Lift the Rock";"-0478, 3136, 0121"
"Great Hyrule Forest Korok Seed 25+26";"Sparkle Cloud";"-1435, 1478, 0193"
"Great Hyrule Forest Korok Seed 27+28";"";""
"Great Hyrule Forest Korok Seed 29";"Sparkle Cloud";"1409, 3778, 0128"
"Eldin Canyon Korok Seed 1";"Lift the Rock";"1425, 1534, 0363"
"Eldin Canyon Korok Seed 2";"Sparkle Cloud";"3029, 2289, 0337"
"Eldin Canyon Korok Seeds 3+4";"Reunite Friends";"1531, 1613, 0306"
"Eldin Canyon Korok Seed 5";"";"1448, 1750, 0308"
"Eldin Canyon Korok Seeds 6";"Reunite Friends";"1543, 1808, 0283"
"Eldin Canyon Korok Seed 7";"Lift the Rock";"1670, 1979, 0342"
"Eldin Canyon Korok Seed 8";"Lift the Rock";"1767, 1539, 0309"
"Eldin Canyon Korok Seed 9";"Block Puzzle";"1699, 1753, 0343"
"Eldin Canyon Korok Seed 10";"Lift the Rock";"1941, 1205, 0140"
"Eldin Canyon Korok Seeds 11+12";"Sparkle Cloud";"2371, 1401, 0129"
"Eldin Canyon Korok Seeds 13+14";"Reunite Friends";"2639, 1109, 0158"
"Eldin Canyon Korok Seed 15";"Sparkle Cloud";"2436, 1243, 0119"
"Eldin Canyon Korok Seed 16";"Block Puzzle";"2719, 1157, 0178"
"Eldin Canyon Korok Seed 17";"Sparkle Cloud";"2677, 1073, 0156"
"Eldin Canyon Korok Seed 18";"Sparkle Cloud";"2431, 1708, 0149"
"Eldin Canyon Korok Seed 19";"Sparkle Cloud";"2673, 1351, 0128"
"Eldin Canyon Korok Seed 20";"Lift the Rock";"2703, 1742, 0119"
"Eldin Canyon Korok Seed 21";"Sparkle Cloud";"2264, 1835, 0332"
"Eldin Canyon Korok Seed 22";"Sparkle Cloud";"1964, 2040, 0423"
"Eldin Canyon Korok Seeds 23+24";"Reunite Friends";"1984, 2040, 0423"
"Eldin Canyon Korok Seed 25";"Sparkle Cloud";"2063, 2326, 0498"
"Eldin Canyon Korok Seed 26";"Sparkle Cloud";"1799, 2209, 0497"
"Eldin Canyon Korok Seed 27";"Lift the Rock";"1574, 2465, 0408"
"Eldin Canyon Korok Seed 28";"Sparkle Cloud";"1680, 2385, 0463"
"Eldin Canyon Korok Seed 29";"Sparkle Cloud";"1722, 2419, 0390"
"Eldin Canyon Korok Seeds 30+31";"Lift the Rock";"3351, 3664, 0221"
"Eldin Canyon Korok Seed 32";"Lift the Rock";"1603, 2824, 0466"
"Eldin Canyon Korok Seed 33";"Sparkle Cloud";"1573, 2951, 0398"
"Eldin Canyon Korok Seed 34";"Lift the Rock";"1854, 0785, 0091"
"Eldin Canyon Korok Seed 35+36";"Reunite Friends";"3227, 2114, 0118"
"Eldin Canyon Korok Seed 37";"Lift the Rock";"1380, 2835, 0361"
"Eldin Canyon Korok Seed 38";"Sparkle Cloud";"2776, 2520, 0653"
"Eldin Canyon Korok Seed 39";"Lift the Rock";"2638, 3468, 0362"
"Eldin Canyon Korok Seed 40";"Sparkle Cloud";"1768, 2237, 0413"
"Eldin Canyon Korok Seed 41";"Sparkle Cloud";"2223, 3055, 0445"
"Eldin Canyon Korok Seed 42";"Sparkle Cloud";"1812, 2527, 0401"
"Eldin Canyon Korok Seed 43";"Sparkle Cloud";"2224, 2356, 0515"
"Eldin Canyon Korok Seed 44";"Lift the Rock";"2711, 2389, 0623"
"Eldin Canyon Korok Seed 45";"Sparkle Cloud";"2313, 1132, 0209"
"Eldin Canyon Korok Seed 46";"Lift the Rock";"2290, 0943, 0111"
"Eldin Canyon Korok Seed 47";"Sparkle Cloud";"2232, 3680, 0232"
"Eldin Canyon Korok Seed 48";"Lift the Rock";"3092, 3693, 0203"
"Eldin Canyon Korok Seed 49";"Sparkle Cloud";"2405, 3327, 0435"
"Eldin Canyon Korok Seed 50";"Sparkle Cloud";"2063, 2761, 0474"
"Eldin Canyon Korok Seed 51";"Sparkle Cloud";"1724, 2556, 0499"
"Eldin Canyon Korok Seed 52+53";"Reunite Friends";"2189, 2773, 0523"
"Eldin Canyon Korok Seed 54+55";"Reunite Friends";"1729, 2604, 0431"
"Eldin Canyon Korok Seed 56+57";"Sparkle Cloud";"1814, 2640, 0400"
"Eldin Canyon Korok Seed 58";"Lift the Rock";"2196, 3006, 0507"
"Eldin Canyon Korok Seed 59";"Sparkle Cloud";"1477, 2231, 0325"
"Eldin Canyon Korok Seed 60";"Lift the Rock";"2171, 3037, 0452"
"Eldin Canyon Korok Seed 61";"Sparkle Cloud";"1433, 1952, 0355"
"Eldin Canyon Korok Seed 62";"Sparkle Cloud";"1249, 2290, 0322"
"Eldin Canyon Korok Seed 63";"Statue Offering";"1577, 0724, 0077"
"Eldin Canyon Korok Seed 64";"Sparkle Cloud";"1333, 1315, 0167"
"Eldin Canyon Korok Seed 65";"Lift the Rock";"0769, 1416, 0087"
"Eldin Canyon Korok Seed 66";"Sparkle Cloud";"0939, 1553, 0150"
"Eldin Canyon Korok Seed 67";"Sparkle Cloud";"0776, 1527, 0148"
"Eldin Canyon Korok Seed 68";"Lift the Rock";"0987, 1803, 0210"
"Lanayru Great Spring Korok Seed 1";"Sparkle Cloud";"2425, 0412, 0195"
"Lanayru Great Spring Korok Seed 2";"Sparkle Cloud";"From 2565, 0467, 0184 To 2580, 0488, 0180"
"Lanayru Great Spring Korok Seed 3+4";"Reunite Friends";"From 2542, 0641, 0127 To 2641, 0633, 0177"
"Lanayru Great Spring Korok Seed 5";"Lift the Rock";"2556, 0764, 01174"
"Lanayru Great Spring Korok Seed 6";"Lift the Rock";"3013, 0931, 0379"
"Lanayru Great Spring Korok Seed 7";"Sparkle Cloud";"3074, 1138, 0281"
"Lanayru Great Spring Korok Seed 8";"Lift the Rock";"3160, 1426, 0256"
"Lanayru Great Spring Korok Seed 9+10";"Reunite Friends";"From 2238, 0245, 0014 To 2201, 0159, 0034"
"Lanayru Great Spring Korok Seed 11";"Sparkle Cloud";"2336, 0274, 0026"
"Lanayru Great Spring Korok Seed 12";"Sparkle Cloud";"2307, 0132, 0104"
"Lanayru Great Spring Korok Seed 13";"Sparkle Cloud";"2211, 0049, 0050"
"Lanayru Great Spring Korok Seed 14";"Lift the Rock";"2306, 0013, 0051"
"Lanayru Great Spring Korok Seed 15";"Lift the Rock";"2460,-0040, 0079"
"Lanayru Great Spring Korok Seed 16";"Lift the Rock";"2471, 0149, 0079"
"Lanayru Great Spring Korok Seed 17";"Sparkle Cloud";"2673, -0011, 0122"
"Lanayru Great Spring Korok Seed 18";"Pop the Cork";"2781, 0198, 0079"
"Lanayru Great Spring Korok Seed 19";"Sparkle Cloud";"From 2751, 0251, 0110 To 2745, 0201, 0137"
"Lanayru Great Spring Korok Seed 20+21";"Reunite Friends";"From 2807, 0183, 0146 To 2619, 0056, 0019"
"Lanayru Great Spring Korok Seed 22";"Sparkle Cloud";"2940, 0206, 0205"
"Lanayru Great Spring Korok Seed 23";"Lift the Rock";"2851, -0028, 0080"
"Lanayru Great Spring Korok Seed 24";"Sparkle Cloud";"From 2943, -0349, 0180 To 3011, -0371, 0193"
"Lanayru Great Spring Korok Seed 25";"Sparkle Cloud";"2951, -0080, 0315"
"Lanayru Great Spring Korok Seed 26";"Sparkle Cloud";"2961, -0053, 0142"
"Lanayru Great Spring Korok Seed 27";"Sparkle Cloud";"3275, -0012, 0276"
"Lanayru Great Spring Korok Seed 28";"Sparkle Cloud";"3191, 0224, 0150"
"Lanayru Great Spring Korok Seed 29";"Lift the Rock";"3219, 0281, 0078"
"Lanayru Great Spring Korok Seed 30";"Lift the Rock";"3329, 0532, 0112"
"Lanayru Great Spring Korok Seed 31";"Sparkle Cloud";"3322, 0515, 0305"
"Lanayru Great Spring Korok Seed 32";"Sparkle Cloud";"3389, 0742, 0171"
"Lanayru Great Spring Korok Seed 33";"Lift the Rock";"3166, 0586, 0116"
"Lanayru Great Spring Korok Seed 34";"Sparkle Cloud";"3105, 0460, 0172"
"Lanayru Great Spring Korok Seed 35";"";""
"Lanayru Great Spring Korok Seed 36+37";"Reunite Friends";"From 3527, -0060, 0211 To 3878, 0266, 0211"
"Lanayru Great Spring Korok Seed 38";"Sparkle Cloud";"3818, 0075, 0211"
"Lanayru Great Spring Korok Seed 39";"Sparkle Cloud";"3589, 0415, 0211"
"Lanayru Great Spring Korok Seed 40";"Sparkle Cloud";"From 3664, 0449, 0246 To 3674, 0451, 0257"
"Lanayru Great Spring Korok Seed 41+42";"Reunite Friends";"From 3779, 0445, 0531 To 3920, 0542, 0485"
"Lanayru Great Spring Korok Seed 43";"Lift the Rock";"3545, 0964, 0394"
"Lanayru Great Spring Korok Seed 44";"Lift the Rock";"3801, 0856, 0276"
"Lanayru Great Spring Korok Seed 45";"Sparkle Cloud";"3905, 0799, 0380"
"Lanayru Great Spring Korok Seed 46";"Lift the Rock";"3869, 1086, 0224"
"Lanayru Great Spring Korok Seed 47";"Sparkle Cloud";"From 3882, 1338, 0247 To 3881, 1348, 0245"
"Lanayru Great Spring Korok Seed 48";"Sparkle Cloud";"4717, 1417, 0181"
"Lanayru Great Spring Korok Seed 49";"";""
"Lanayru Great Spring Korok Seed 50";"Sparkle Cloud";"From 4697, 0546, 0230 To 4638, 0565, 0215"
"Lanayru Great Spring Korok Seed 51+52";"Reunite Friends";"From 4053, 0946, 0276 To 4360, 0776, 0280"
"Lanayru Great Spring Korok Seed 53";"Sparkle Cloud";"4077, 0820, 0270"
"Lanayru Great Spring Korok Seed 54";"Sparkle Cloud";"4173, 0699, 0246"
"Lanayru Great Spring Korok Seed 55";"Sparkle Cloud";"4484, 0676, 0254"
"Lanayru Great Spring Korok Seed 56";"Lift the Rock";"4389, 0612, 0275"
"Lanayru Great Spring Korok Seed 57";"Sparkle Cloud";"4271, 0509, 0335"
"Lanayru Great Spring Korok Seed 58";"Lift the Rock";"4135, 0406, 0416"
"Lanayru Great Spring Korok Seed 59";"Sparkle Cloud";"4111, 0471, 0374"
"Lanayru Great Spring Korok Seed 60";"Lift the Rock";"4101, 0474, 0263"
"Lanayru Great Spring Korok Seed 61";"Sparkle Cloud";"4219, 0158, 0279"
"Lanayru Great Spring Korok Seed 62";"Sparkle Cloud";"4272, 0136, 0100"
"Lanayru Great Spring Korok Seed 63";"Lift the Rock";"4164, 0063, 0349"
"Lanayru Great Spring Korok Seed 64+65";"Reunite Friends";"From 4000, -0185, 0176 To 4499, -0648, 0075"
"Lanayru Great Spring Korok Seed 66";"Sparkle Cloud";"3527, -0365, 0145"
"Lanayru Great Spring Korok Seed 67";"Lift the Rock";"3322, -0475, 0021"
"Lanayru Great Spring Korok Seed 68";"Sparkle Cloud";"3137, -0435, 0008"
"Lanayru Great Spring Korok Seed 69";"Sparkle Cloud";"3203, -0661, 0000"
"Lanayru Great Spring Korok Seed 70+71";"Reunite Friends";"From 3652, -0606, 0003 To 3303, -0774, 0010"
"Lanayru Great Spring Korok Seed 72";"Lift the Rock";"3712, -0621, 0001"
"Lanayru Great Spring Korok Seed 73";"Lift the Rock";"3943, -0412, 0038"
"Lanayru Great Spring Korok Seed 74";"Lift the Rock";"4143, -0558, 0004"
"Lanayru Great Spring Korok Seed 75";"Lift the Rock";"From 4184, -0443, 0024 To 4231, -0311, 0002"
"Lanayru Great Spring Korok Seed 76";"";"4324, -0141, 0047"
"Lanayru Great Spring Korok Seed 77";"Lift the Rock";"4459, -0356, 0056"
"Lanayru Great Spring Korok Seed 78";"Sparkle Cloud";"4441, -0480, 0105"
"Lanayru Great Spring Korok Seed 79";"Sparkle Cloud";"4394, -0534, 0054"
"Mount Lanayru Korok Seed 1";"Sparkle Cloud";"2766, -1217, 0166 To 2705, -1164, 0097"
"Mount Lanayru Korok Seed 2";"Lift the Rock";"2922, -1392, 0379"
"Mount Lanayru Korok Seed 3";"Lift the Rock";"3236, -1544, 0197"
"Mount Lanayru Korok Seed 4";"";""
"Mount Lanayru Korok Seed 5";"Sparkle Cloud";"3563, -1114, 0254"
"East Necluda Korok Seed 1+2";"Reunite Friends";"From 1768, -1866, 0015 To 2190, -1701, 0023"
"East Necluda Korok Seed 3";"Sparkle Cloud";"2011, -1895, 0015"
"East Necluda Korok Seed 4";"Lift the Rock";"2052, -2092, 0046"
"East Necluda Korok Seed 5";"Sparkle Cloud";"2143, -2222, 0007"
"East Necluda Korok Seed 6";"Sparkle Cloud";"2000, -2281, 0009"
"East Necluda Korok Seed 7";"Sparkle Cloud";"From 1884, -2418, 0039 To 1946, -2382, 0039"
"East Necluda Korok Seed 8";"Lift the Rock";"1939, -2563, 0025"
"East Necluda Korok Seed 9";"Sparkle Cloud";"1960, -2627, 0242"
"East Necluda Korok Seed 10";"Sparkle Cloud";"1775, -2769, 0316"
"East Necluda Korok Seed 11";"Sparkle Cloud";"1935, -2778, 0387"
"East Necluda Korok Seed 12";"Lift the Rock";"2043, -2660, 0307"
"East Necluda Korok Seed 13";"Sparkle Cloud";"2136, -2607, 0257"
"East Necluda Korok Seed 14";"Sparkle Cloud";"2277, -2359, 0181"
"East Necluda Korok Seed 15";"Lift the Rock";"2414, -2269, 0113"
"East Necluda Korok Seed 16+17";"Reunite Friends";"From 2645, -2119, 0127 To 2483, -2048, 0009"
"East Necluda Korok Seed 18";"Sparkle Cloud";"2724, -2123, 0148"
"East Necluda Korok Seed 19";"Sparkle Cloud";"3017, -2538, 0123"
"East Necluda Korok Seed 20";"Lift the Rock";"2878, -2686, 0190"
"East Necluda Korok Seed 21";"";"2559, -2484, 0248"
"East Necluda Korok Seed 22";"Sparkle Cloud";"2410, -2671, 0258 To 2579, -2729, 0256"
"East Necluda Korok Seed 23";"Sparkle Cloud";"2282, -2658, 0182"
"East Necluda Korok Seed 24+25";"Reunite Friends";"From 2452, -2912, 0220 To 2919, -3083, 0146"
"East Necluda Korok Seed 26";"Sparkle Cloud";"2714, -2960, 0189"
"East Necluda Korok Seed 27";"Sparkle Cloud";"2632, -2856, 0228"
"East Necluda Korok Seed 28";"Sparkle Cloud";"2293, -3020, 0183"
"East Necluda Korok Seed 29";"Sparkle Cloud";"From 2549, -3208, 0092 To 2540, -3288, 0063"
"East Necluda Korok Seed 30";"Lift the Rock";"2424, -3403, 0079"
"East Necluda Korok Seed 31";"Sparkle Cloud";"From 2199, -3833, 0002 To 2363, -3473, 0086"
"East Necluda Korok Seed 32+33";"Reunite Friends";"From 2243, -3470, 0029 To 2227, -3833, 0002"
"East Necluda Korok Seed 34";"Sparkle Cloud";"From 1972, -3921, 0003 To 2011, -3956, 0002"
"East Necluda Korok Seed 35+36";"Reunite Friends";"From 2827, -3881, 0000 To 2428, -3944, 0000"
"East Necluda Korok Seed 37";"Sparkle Cloud";"2562, -3599, 0238"
"East Necluda Korok Seed 38";"Sparkle Cloud";"3081, -3386, 0049"
"East Necluda Korok Seed 39";"Lift the Rock";"3118, -3719, 0001"
"East Necluda Korok Seed 40";"Sparkle Cloud";"3798, -3616, 0017"
"East Necluda Korok Seed 41+42";"Reunite Friends";"From 3540, -3456, 0000 To 3598, -3779, 0001"
"East Necluda Korok Seed 43";"Sparkle Cloud";"3431, -3327, 0020"
"East Necluda Korok Seed 44";"Lift the Rock";"3099, -2950, 0182"
"East Necluda Korok Seed 45";"Sparkle Cloud";"3495, -3311, 0223"
"East Necluda Korok Seed 46";"Lift the Rock";"3665, -3276, 0205"
"East Necluda Korok Seed 47+48";"Reunite Friends";"From 3687, -3315, 0244 To 4495, -3615, 0000"
"East Necluda Korok Seed 49";"Lift the Rock";"4536, -3663, 0045"
"East Necluda Korok Seed 50";"Sparkle Cloud";"4596, -3561, 0019"
"East Necluda Korok Seed 51";"Lift the Rock";"4492, -3396, 0003"
"East Necluda Korok Seed 52";"Sparkle Cloud";"4897, -3693, 0002"
"Gerudo Highlands Korok Seed 1";"Pinwheel Archery";"-2935, -2214, 0209"
"Gerudo Highlands Korok Seed 2";"Pinwheel Archery";"-3872, -1177, 0493"
"Gerudo Highlands Korok Seed 3";"Pinwheel Archery";"-3806, -1474, 0314"
"Gerudo Highlands Korok Seed 4";"Pinwheel Archery";"-3898, -1643, 0294"
"Gerudo Highlands Korok Seed 5";"Pinwheel Archery";"-4363, -1847, 0074"
"Gerudo Highlands Korok Seed 6";"Pinwheel Archery";"-4420, -0352, 0520"
"Gerudo Highlands Korok Seed 7";"Pinwheel Archery";"-4376, -0525, 0451"
"Gerudo Highlands Korok Seed 8";"Pinwheel Archery";"-4910, -1243, 0453"
"Gerudo Highlands Korok Seed 9";"Pinwheel Archery";"-4691, -1235, 0522"
"Gerudo Highlands Korok Seeds 10+11";"Reunite Friends";"-4538, -1343, 0528 Fri~~> -4507, -0590, 0510"
"Gerudo Highlands Korok Seed 12";"Pinwheel Archery";"-4323, -1089, 0523"
"Gerudo Highlands Korok Seed 13";"Pinwheel Archery";"-4389, -0713, 0523"
"Gerudo Highlands Korok Seed 14";"Pinwheel Archery";"-3968, -0324, 0446"
"Gerudo Highlands Korok Seed 15";"Pinwheel Archery";"-3820, 0178, 0049"
"Gerudo Highlands Korok Seed 16";"Pinwheel Archery";"-3600, 0110, -0059"
"Gerudo Highlands Korok Seed 17";"Pinwheel Archery";"-3201, 0343, -0071"
"Gerudo Highlands Korok Seeds 18+19";"Reunite Friends";"-3583, 0013, 0069 Fri~~> -4074, 0034, 0056"
"Gerudo Highlands Korok Seed 20";"Pinwheel Archery";"-3466, -0168, 0066"
"Gerudo Highlands Korok Seed 21";"Pinwheel Archery";"-3621, -0402, 0239 ~~> -3654, -0392, 0273"
"Gerudo Highlands Korok Seed 22";"Pinwheel Archery";"-3964, -0611, 0657"
"Gerudo Highlands Korok Seed 23";"Pinwheel Archery";"-4003, -0969, 0714"
"Gerudo Highlands Korok Seed 24";"Lift the Rock";"-3812, -0789, 0548"
"Gerudo Highlands Korok Seed 25";"Race to the Circle";"-3721, -0803, 0641 ~~> -3673, -0798, 0632"
"Gerudo Highlands Korok Seed 26";"Pinwheel Archery";"-3565, -0733, 0556"
"Gerudo Highlands Korok Seeds 27+28";"Reunite Friends";"-3197, -1169, 0479 ~~> -3142, -0620, 0199"
"Gerudo Highlands Korok Seed 29";"Pinwheel Archery";"-3601, -0916, 0506"
"Gerudo Highlands Korok Seed 31";"Pinwheel Archery";"-3490, -0983, 0615"
"Gerudo Highlands Korok Seed 32";"Pinwheel Archery";"-3246, -1030, 0567"
"Gerudo Highlands Korok Seed 33";"Pinwheel Archery";"-3163, -1038, 0470"
"Gerudo Highlands Korok Seed 34";"Pinwheel Archery";"-3101, -1032, 0596"
"Gerudo Highlands Korok Seed 35";"Pinwheel Archery";"-2870, -1125, 0411"
"Gerudo Highlands Korok Seed 36";"Pinwheel Archery";"-3060, -1286, 0500"
"Gerudo Highlands Korok Seed 37";"Pinwheel Archery";"-2140, -1486, 0279"
"Gerudo Highlands Korok Seed 38";"Pinwheel Archery";"-1817, -1534, 0100"
"Gerudo Highlands Korok Seed 39";"Pinwheel Archery";"-2505, -1590, 0536"
"Gerudo Highlands Korok Seed 40";"Pinwheel Archery";"-2643, -1533, 0582"
"Gerudo Highlands Korok Seed 41";"Pinwheel Archery";"-2695, -1446, 0543 ~~> -2961, -1400, 0442"
"Gerudo Highlands Korok Seed 42";"Pinwheel Archery";"-2672, -1356, 0535"
"Gerudo Highlands Korok Seed 43";"Pinwheel Archery";"-2818, -1651, 0474"
"Gerudo Highlands Korok Seed 44";"Pinwheel Archery";"-3320, -2275, 0075"
"Gerudo Highlands Korok Seed 45";"Pinwheel Archery";"-3315, -2164, 0049"
"Gerudo Highlands Korok Seed 46";"Pinwheel Archery";"-4395, -2013, 0100"
"Gerudo Highlands Korok Seed 47";"Pinwheel Archery";"-4148, -1932, 0102"
"Gerudo Highlands Korok Seed 48";"Pinwheel Archery";"-3845, -1895, 0306"
"Gerudo Highlands Korok Seed 49";"Pinwheel Archery";"-3920, -1590, 0241"
"Gerudo Highlands Korok Seed 50";"Pinwheel Archery";"-3572, -1852, 0358"
"Gerudo Highlands Korok Seed 51";"Pinwheel Archery";"-3583, -1990, 0246"
"Gerudo Highlands Korok Seed 52";"Shoot the Acorn";"-3582, -1984, 0201"
"Gerudo Highlands Korok Seed 53";"Block Puzzle";"-3208, -1855, 0078"
"Gerudo Highlands Korok Seed 54";"Pinwheel Archery";"-3192, -1743, 0353"
"Gerudo Highlands Korok Seed 55";"Pinwheel Archery";"-3011, -1501, 0577"
"Gerudo Highlands Korok Seed 56";"Pinwheel Archery";"-3248, -1463, 0401"
"Gerudo Highlands Korok Seed 57";"Pinwheel Archery";"-3560, -1559, 0452"
"Gerudo Highlands Korok Seed 58";"";"-3666, -1564, 0470"
"Hebra Mountains Korok Seed 1";"";"-4429, 3684, 0307"
"Hebra Mountains Korok Seed 2";"";"-3992, 3836, 0220"
"Hebra Mountains Korok Seed 3";"";"-4005, 3623, 0524"
"Hebra Mountains Korok Seed 4";"";"-3767, 3844, 0269"
"Hebra Mountains Korok Seed 5";"";"-3428, 3799, 0245"
"Hebra Mountains Korok Seed 6";"";"-4274, 3499, 0390"
"Hebra Mountains Korok Seed 7";"";"-3672, 3387, 0323"
"Hebra Mountains Korok Seed 8";"";"-3843, 3347, 0311"
"Hebra Mountains Korok Seed 9";"";"3943, 1969, 0208"
"Hebra Mountains Korok Seed 10";"";"-3423, 2067, 0180"
"Hebra Mountains Korok Seed 11";"";"-3636, 1808, 0167"
"Hebra Mountains Korok Seed 12";"";"-3984, 1707, 0179"
"Hebra Mountains Korok Seed 13";"";"-4012, 1636, 0163"
"Hebra Mountains Korok Seed 14";"";"-3084, 3211, 0853"
"Hebra Mountains Korok Seed 15";"";"-2892, 3494, 0246"
"Hebra Mountains Korok Seed 16";"";"-3942, 3162, 0321"
"Hebra Mountains Korok Seed 17";"";"-4189, 3374, 0242"
"Hebra Mountains Korok Seed 18";"";"-4037, 3365, 0265"
"Hebra Mountains Korok Seed 19";"";"-3839, 3416, 0295"
"Hebra Mountains Korok Seed 20";"";"-3575, 3268, 0388"
"Hebra Mountains Korok Seed 21";"";"-3468, 3472, 0481"
"Hebra Mountains Korok Seed 22";"";"-3414, 3508, 0436"
"Hebra Mountains Korok Seed 23";"";"-3971, 3735, 0183"
"Hebra Mountains Korok Seed 24";"";"-3974, 3713, 0183"
"Hebra Mountains Korok Seed 25";"";"-4509, 3462, 0260"
"Hebra Mountains Korok Seed 26";"";"-4422, 3215, 0391"
"Hebra Mountains Korok Seed 27";"";"-4632, 2820, 0242"
"Hebra Mountains Korok Seed 28";"";"-4331, 2601, 0336"
"Hebra Mountains Korok Seed 29";"";"-4066, 2506, 0019"
"Hebra Mountains Korok Seed 30";"";"-4116, 2414, -0013"
"Hebra Mountains Korok Seed 31";"";"-4253, 2147, 0018"
"Hebra Mountains Korok Seed 32";"";"-3850, 2736, 0029"
"Hebra Mountains Korok Seed 33";"";"-3752, 2797, 0137"
"Hebra Mountains Korok Seed 34";"";"-3794, 3027, 0246"
"Hebra Mountains Korok Seed 35";"";"-3792, 2319, 0178"
"Hebra Mountains Korok Seed 36";"";"-3676, 2466, 0320"
"Hebra Mountains Korok Seed 37";"";"-3566, 2256, 0151"
"Hebra Mountains Korok Seed 38";"";"-3292, 2442, 0404"
"Hebra Mountains Korok Seed 39";"";"-3162, 2465, 0374"
"Hebra Mountains Korok Seed 40";"";"-3048, 2359, 0016"
"Hebra Mountains Korok Seed 41";"";"-3157, 2691, 0594"
"Hebra Mountains Korok Seed 42";"";"-3351, 2992, 0515"
"Hebra Mountains Korok Seed 43";"";"-3002, 3219, 0582"
"Hebra Mountains Korok Seed 44";"";"-2604, 3235, 0388"
"Hebra Mountains Korok Seed 45";"";"-2481, 2748, 0511"
"Hebra Mountains Korok Seed 46";"";"-2796, 2877, 0600"
"Hebra Mountains Korok Seed 47";"";"-3063, 2854, 0429"
"Hebra Mountains Korok Seed 48";"";"-4479, 1943, 0162"
"Hebra Mountains Korok Seed 49";"";"-4124, 1936, 0198"
"Hebra Mountains Korok Seed 50";"";"-4107, 2048, 0189"
"Hebra Mountains Korok Seed 51";"";"-3957, 2036, 0207"
"Hebra Mountains Korok Seed 52";"";"-4062, 1793, 0187"
"Hebra Mountains Korok Seed 53";"";"-4170, 1696, 0110"
"Hebra Mountains Korok Seed 54";"";"-4224, 1739, 0124"
"Hebra Mountains Korok Seed 55";"";"-3876, 1760, 0106"
"Hebra Mountains Korok Seed 56";"";"-3613, 1878, 0402"
"Hebra Mountains Korok Seed 57";"";"-3772, 1867, 0259"
"Hebra Mountains Korok Seed 58";"";"-3696, 1684, 0193"
"Hebra Mountains Korok Seed 59";"";"-3550, 1753, 0183"
"Hebra Mountains Korok Seed 60";"";"-3086, 2119, 0121"
"Hebra Mountains Korok Seed 61";"";"-2798, 1947, 0272"
"Hebra Mountains Korok Seed 62";"";"-4249, 3127, 0194"
"Lomei Sky Labyrinth Korok Seed";"";"4795, 3755, 1184"
"Sky Mine Korok Seed";"";"4614, 2283, 1298 ~~> 4653, 2137, 1237"
"Sokkala Sky Archipelago Korok Seed";"";"3662, 1409, 1167"
"Wellspring Island (Water Temple) Korok Seed 1";"";"3414, 0616, 1548"
"Wellspring Island (Water Temple) Korok Seed 2";"";"3496, 0578, 1193"
"Lanayru Sky Archipelago Korok Seed";"";"3233, 0460, 0940"
"South Lanayru Sky Archipelago Korok Seed 1";"";"4578, -0908, 1128"
"South Lanayru Sky Archipelago Korok Seed 2";"";"4818, -0821, 1939"
"South Lanayru Sky Archipelago Korok Seed 3";"";"4748, -1154, 1828"
"South Eldin Sky Archipelago Korok Seed 1";"";"2049, 1197, 1287"
"South Eldin Sky Archipelago Korok Seed 2";"";"1690, 1198, 1151"
"Great Sky Island Korok Seed 1";"";"0346, -1755, 2280"
"Great Sky Island Korok Seed 2";"";"0519, -1321, 1418"
"Great Sky Island Korok Seed 3";"";"0251, -0823, 1443"
"Great Sky Island Korok Seed 4";"";"0113, -1078, 1416"
"Great Sky Island Korok Seed 5+6";"";"0020, -1261, 1418"
"Great Sky Island Korok Seed 7";"";"0022, -1558, 1451"
"Great Sky Island Korok Seed 8";"";"0259, -1679, 1386"
"Great Sky Island Korok Seed 9";"";"0455, -1543, 1358"
"Great Sky Island Korok Seed 10+11";"";"0444, -1784, 1445"
"Great Sky Island Korok Seed 12";"";"0548, -1584, 1482"
"Great Sky Island Korok Seed 13";"";"0620, -1653, 1502"
"Great Sky Island Korok Seed 14";"";"0622, -1524, 1443"
"Great Sky Island Korok Seed 15";"";"0761, -1341, 1603"
"Great Sky Island Korok Seed 16";"";"0376, -1731, 2352"
"Great Sky Island Korok Seed 17";"";"0309, -1439, 2021"
"Great Sky Island Korok Seed 18";"";"0463, -0881, 1446"
"Great Sky Island Korok Seed 19";"";"0421, -1497, 1498"
"Bravery Island Korok Seed";"";"0284, 1960, 0752"
"North Hyrule Sky Archipelago Korok Seed";"";"0526, 2751, 1859"
"South Hyrule Sky Archipelago Korok Seed 1";"";"-1400, -1518, 1030"
"South Hyrule Sky Archipelago Korok Seed 2";"";"-0793, -1601, 0936"
"North Lomei Castle Top Floor Korok Seed";"";"-0682, 3535, 1185"
"East Hebra Sky Archipelago Korok Seed 1";"";"-1666, 3282, 0974"
"East Hebra Sky Archipelago Korok Seed 2";"";"-1716, 3561, 0987 ~~> -1683, 3572, 0986"
"West Hebra Sky Archipelago Korok Seed";"";"-3915, 2876, 0732"
"South Hebra Sky Archipelago Korok Seed";"";"-3063, 2136, 0693 ~~> -3101, 2142, 0647"
"Lightcast Island Korok Seed 1";"";"-3598, 0977, 1816"
"Lightcast Island Korok Seed 2";"";"-3621, 0997, 1662"
"Lightcast Island Korok Seed 3";"";"-3611, 1029, 1815 ~~> -3643, 1047, 1793"
"Tabantha Sky Archipelago Korok Seed";"";"-3959, 0649, 1505 ~~> -3959, 0690, 1501"
"North Gerudo Sky Archipelago Korok Seed";"";"-3374, 0012, 2324 ~~> -3369, -0050, 2283"
"South Lomei Castle Top Floor Korok Seed";"";"-1715, -3577, 1185"
"East Gerudo Sky Archipelago Korok Seed";"";"-1829, -1918, 1200 ~~> -1929, -1823, 1147"
"Faron Sky Archipelago Korok Seed";"";"0126, -2501, 0691"
"Thunderhead Isles Korok Seed";"";"0966, -3185, 0715"
"Dragonhead Island Korok Seed";"";"1328, -3404, 0464"
"West Necluda Sky Archipelago Korok Seed 1";"";"1300, -1977, 0628 ~~> 1335, -2061, 0592"
"West Necluda Sky Archipelago Korok Seed 2";"";"1676, -1897, 0693"
"North Necluda Sky Archipelago Korok Seed";"";"1776, -0940, 0966"
"East Necluda Sky Korok Seed 1";"";"2935, -2988, 1255"
"East Necluda Sky Korok Seed 2";"";"2720, -2739, 1222"
"Zonaite Forge Island Korok Seed 1";"";"2439, -1721, 1443"
"Zonaite Forge Island Korok Seed 2";"";"2344, -1753, 1885"
"Zonaite Forge Island Korok Seed 3";"";"2337, -1845, 1685 ~~> 2332, -1828, 1716"
"Zonaite Forge Island Korok Seed 4";"";"2409, -1821, 1570 ~~> 2430, -1781, 1514"
"Gerudo Highlands Korok Seed 30";"Pinwheel Archery";"Start -3750, -1080, 0524 > -3736, -0997, 0535"
"South Hyrule Field Korok Seed 1";"Lift the Rock";"-2278, -0403, 0398"
"South Hyrule Field Korok Seed 2";"Sparkle Cloud";"-2479, -0642, 0208"
"South Hyrule Field Korok Seed 3";"Lift the Rock";"-2601, -0668, 0213"
"South Hyrule Field Korok Seed 4";"Lift the Rock";"-2198, 0798, 0170"
"South Hyrule Field Korok Seed 5";"Sparkle Cloud";"-2220, -0693, 0243"
"South Hyrule Field Korok Seed 6";"Reunite Friends";"-1798, -0321, 0119"
"South Hyrule Field Korok Seed 7";"Lift the Rock";"-1741, -0399, 0120"
"South Hyrule Field Korok Seed 8";"Sparkle Cloud";"-1648, -0686, 0137"
"South Hyrule Field Korok Seed 9";"Sparkle Cloud";"-1820, -0973, 0143"
"South Hyrule Field Korok Seed 10";"Sparkle Cloud";"-1556, 0816, 0062"
"South Hyrule Field Korok Seed 11";"Sparkle Cloud";"-1968, -1090, 0098"
"South Hyrule Field Korok Seed 12";"Sparkle Cloud";"-1630, -1023, 0012"
"South Hyrule Field Korok Seed 13";"Reunite Friends";"-1550, -1000, 0027"
"South Hyrule Field Korok Seed 14";"Reunite Friends";"-1354, -1309, 0046"
"South Hyrule Field Korok Seed 15";"Shoot the Acorn";"-1423, -1295, 0032"
"South Hyrule Field Korok Seed 16";"Sparkle Cloud";"-1319, -1259, 0033"
"South Hyrule Field Korok Seed 17";"Lift the Rock";"-1518, -1507, 0043"
"South Hyrule Field Korok Seed 18";"Sparkle Cloud";"-1639, -1631, 0009"
"South Hyrule Field Korok Seed 19";"Sparkle Cloud";"-1700, -1825, -0016"
"South Hyrule Field Korok Seed 20";"";""
"South Hyrule Field Korok Seed 21";"Lift the Rock";"-1293, -2214, 0311"
"South Hyrule Field Korok Seed 22";"Sparkle Cloud";"-1435, -1952, 0218"
"South Hyrule Field Korok Seed 23";"Lift the Rock";"-1515, -1921, 0132"
"South Hyrule Field Korok Seed 24";"Sparkle Cloud";"-0930, -2208, 0081"
"South Hyrule Field Korok Seed 25";"Sparkle Cloud";"-0885, -2255, 0014"
"South Hyrule Field Korok Seed 26";"Sparkle Cloud";"-0789, -2232, 0087"
"South Hyrule Field Korok Seed 27";"Sparkle Cloud";"-0125, -0936, 0043"
"South Hyrule Field Korok Seed 28";"Sparkle Cloud";"-0281, -1579, 0052"
"South Hyrule Field Korok Seed 29";"Sparkle Cloud";"0202, -0887, 0066"
"South Hyrule Field Korok Seed 30";"Reunite Friends";"0288, -1203, 0027"
"South Hyrule Field Korok Seed 31";"Sparkle Cloud";"0228, -1608, 0009"
"South Hyrule Field Korok Seed 32";"Lift the Rock";"0065, -1756, 0040"
"South Hyrule Field Korok Seed 33";"Sparkle Cloud";"0002, -1900, 0108"
"South Hyrule Field Korok Seed 34";"Sparkle Cloud";"-0238, -1922, 0041"
"South Hyrule Field Korok Seed 35";"Reunite Friends";"-0190, -2248, 0020"
"South Hyrule Field Korok Seed 36";"Sparkle Cloud";"-0611, -1529, 0067"
"South Hyrule Field Korok Seed 37";"Reunite Friends";"-0694, -1574, 0066"
"South Hyrule Field Korok Seed 38";"Sparkle Cloud";"-0683, -1843, 0095"
"South Hyrule Field Korok Seed 39";"Sparkle Cloud";"-0827, -1965, 0131"
"South Hyrule Field Korok Seed 40";"Sparkle Cloud";"-0811, -1966, 0191"
"South Hyrule Field Korok Seed 41";"Lift the Rock";"-0889, -1908, 0106"
"South Hyrule Field Korok Seed 42";"Sparkle Cloud";"-0953, -1721, 0095"
"South Hyrule Field Korok Seed 43";"Sparkle Cloud";"-0949, -1836, 0101"
"South Hyrule Field Korok Seed 44";"Pinwheel Archery";"-0966. -1610, 0100"
"South Hyrule Field Korok Seed 45";"Sparkle Cloud";"-1209, -1687, 0082"
"South Hyrule Field Korok Seed 46";"Sparkle Cloud";"-1151, -1789, 0155"
"South Hyrule Field Korok Seed 47";"Reunite Friends";"-1128, -1971, 0144"
"South Hyrule Field Korok Seed 48";"Sparkle Cloud";"-1084, -2047, 0143"
"South Hyrule Field Korok Seed 49";"Sparkle Cloud";"-0472, -2035, 0072"
"South Hyrule Field Korok Seed 50";"Lift the Rock";"-0516, -1187, 0022"
"South Hyrule Field Korok Seed 51";"Lift the Rock";"-0598, -1076, 0036"
"South Hyrule Field Korok Seed 52";"Sparkle Cloud";"-1048, -1329, 0061"
"South Hyrule Field Korok Seed 53";"Sparkle Cloud";"-1660, -1319, 0108"
"South Hyrule Field Korok Seed 54";"Lift the Rock";"-1770, -1242, 0010"
"West Necluda / Lanayru Wetlands Korok Seed 1";"Sparkle Cloud";"1071, 0848, 0017"
"West Necluda / Lanayru Wetlands Korok Seed 2";"Sparkle Cloud";"0968, 1025, 0010"
"West Necluda / Lanayru Wetlands Korok Seed 3";"Sparkle Cloud";"0616, 0754, 0077"
"West Necluda / Lanayru Wetlands Korok Seed 4";"Sparkle Cloud";"0689, 0626, 0059"
"West Necluda / Lanayru Wetlands Korok Seed 5";"Sparkle Cloud";"0841, 0692, 0128 > 0850, 0792, 0118"
"West Necluda / Lanayru Wetlands Korok Seed 6";"Sparkle Cloud";"0974, 0674, 0084 > 0966, 0627, 0087"
"West Necluda / Lanayru Wetlands Korok Seed 7";"Lift the Rock";"0553, 0514, 0013"
"West Necluda / Lanayru Wetlands Korok Seed 8";"Sparkle Cloud";"0919, 0410, 0095"
"West Necluda / Lanayru Wetlands Korok Seed 9";"Lift the Rock";"1181, 0379, 0157"
"West Necluda / Lanayru Wetlands Korok Seed 10";"Lift the Rock";"1118, 0229, 0074"
"West Necluda / Lanayru Wetlands Korok Seed 11";"Sparkle Cloud";"1396, 0128, 0026"
"West Necluda / Lanayru Wetlands Korok Seed 12";"Sparkle Cloud";"1514, 0296, 0035"
"West Necluda / Lanayru Wetlands Korok Seed 13";"Sparkle Cloud";"0821, -0329, 0030"
"West Necluda / Lanayru Wetlands Korok Seed 16";"Lift the Rock";"0929, -0365, 0039"
"West Necluda / Lanayru Wetlands Korok Seed 17";"Lift the Rock";"0957, -0943, 0009"
"West Necluda / Lanayru Wetlands Korok Seed 18";"Sparkle Cloud";"1486, 0441, 0008"
"West Necluda / Lanayru Wetlands Korok Seed 19";"Lift the Rock";"1304, -0179, 0008"
"West Necluda / Lanayru Wetlands Korok Seed 20";"Lift the Rock";"1441, -0537, 0012"
"West Necluda / Lanayru Wetlands Korok Seed 21";"Lift the Rock";"1327, -0781, 0039"
"West Necluda / Lanayru Wetlands Korok Seed 22";"Lift the Rock";"1825, -0459, 0012"
"West Necluda / Lanayru Wetlands Korok Seed 23";"Sparkle Cloud";"1980, -0451, 0068"
"West Necluda / Lanayru Wetlands Korok Seed 26";"Lift the Rock";"1891, -0150, 0009"
"West Necluda / Lanayru Wetlands Korok Seed 27";"Sparkle Cloud";"1115, -0732, 0062"
"West Necluda / Lanayru Wetlands Korok Seed 28";"Lift the Rock";"1283, -0833, 0078"
"West Necluda / Lanayru Wetlands Korok Seed 29";"Sparkle Cloud";"1574, -1045, 0151"
"West Necluda / Lanayru Wetlands Korok Seed 30";"Sparkle Cloud";"1778, -0985, 0119"
"West Necluda / Lanayru Wetlands Korok Seed 31";"Sparkle Cloud";"1759, -0984, 0140"
"West Necluda / Lanayru Wetlands Korok Seed 32";"Sparkle Cloud";"1996, -0958, 0178"
"West Necluda / Lanayru Wetlands Korok Seed 33";"Sparkle Cloud";"1791, -0854, 0117"
"West Necluda / Lanayru Wetlands Korok Seed 36";"Lift the Rock";"1693, -0928, 0310"
"West Necluda / Lanayru Wetlands Korok Seed 37";"Lift the Rock";"2162, -1036, 0355"
"West Necluda / Lanayru Wetlands Korok Seed 38";"Sparkle Cloud";"2240, -0725, 0231"
"West Necluda / Lanayru Wetlands Korok Seed 39";"Sparkle Cloud";"2637, -0369, 0157"
"West Necluda / Lanayru Wetlands Korok Seed 40";"Lift the Rock";"2546, -0584, 0119"
"West Necluda / Lanayru Wetlands Korok Seed 43";"Lift the Rock";"3009, -0786, 0145"
"West Necluda / Lanayru Wetlands Korok Seed 44";"Lift the Rock";"2834, -1119, 0102"
"West Necluda / Lanayru Wetlands Korok Seed 45";"Sparkle Cloud";"2547, -1077, 0112"
"West Necluda / Lanayru Wetlands Korok Seed 46";"Sparkle Cloud";"2495, -0892, 0196"
"West Necluda / Lanayru Wetlands Korok Seed 47";"Lift the Rock";"2029, -1167, 0160"
"West Necluda / Lanayru Wetlands Korok Seed 48";"Sparkle Cloud";"2200, -1373, 0056"
"West Necluda / Lanayru Wetlands Korok Seed 49";"Sparkle Cloud";"2295, -1359, 0117"
"West Necluda / Lanayru Wetlands Korok Seed 50";"Sparkle Cloud";"2294, -1510, 0062"
"West Necluda / Lanayru Wetlands Korok Seed 51";"Lift the Rock";"2509, -1570, 0025"
"West Necluda / Lanayru Wetlands Korok Seed 52";"Sparkle Cloud";"2397, -1844, 0022"
"West Necluda / Lanayru Wetlands Korok Seed 53";"Lift the Rock";"2326, -2828, 0027"
"West Necluda / Lanayru Wetlands Korok Seed 54";"Reunite Friends";"2476, -1740, 0010 > 2612, -1867, 0019"
"West Necluda / Lanayru Wetlands Korok Seed 55";"Lift the Rock";"1785, -1551, 0010"
"West Necluda / Lanayru Wetlands Korok Seed 56";"Lift the Rock";"1926, -1489, 0081"
"West Necluda / Lanayru Wetlands Korok Seed 57";"Yellow Flowers";"1259, -1005, 0152 >1245, -1036, 0145"
"West Necluda / Lanayru Wetlands Korok Seed 58";"Sparkle Cloud";"1086, -1048, 0010 > 1040, -1068, 0010"
"West Necluda / Lanayru Wetlands Korok Seed 59";"Sparkle Cloud";"1292, -1331, 0163"
"West Necluda / Lanayru Wetlands Korok Seed 60";"Lift the Rock";"1536, -1302, 0062"
"West Necluda / Lanayru Wetlands Korok Seed 61";"Yellow Flowers";"1626, -1360, 0011 > 1598, -1393, 0025"
"West Necluda / Lanayru Wetlands Korok Seed 62";"Lift the Rock";"1651, -1909, 0008"
"West Necluda / Lanayru Wetlands Korok Seed 63";"Sparkle Cloud";"1520, -1844, 0290"
"West Necluda / Lanayru Wetlands Korok Seed 64";"Lift the Rock";"1373, -1679, 0229"
"West Necluda / Lanayru Wetlands Korok Seed 65";"Sparkle Cloud";"1153, -1702, 0157"
"West Necluda / Lanayru Wetlands Korok Seed 66";"Sparkle Cloud";"1241, -1849, 0340"
"West Necluda / Lanayru Wetlands Korok Seed 67";"Sparkle Cloud";"1251, -1856, 0385"
"West Necluda / Lanayru Wetlands Korok Seed 68";"Sparkle Cloud";"1277, -1961, 0418"
"West Necluda / Lanayru Wetlands Korok Seed 71";"Sparkle Cloud";"1327, -1962, 0185"
"West Necluda / Lanayru Wetlands Korok Seed 72";"Sparkle Cloud";"1366, -2273, 0187"
"Gerudo Highlands Korok Seed 30";"Pinwheel Archery";"-3750, -1080, 0524 > -3736, -0997, 0535"
"Rising Island Chain Korok Seed 1";"";"-3218, 3377, 1372"
"Rising Island Chain Korok Seed 2";"";"-3103, 3259, 0865 > -2990, 3141, 0842"
